max_pitch,avg_pitch,variance_pitch,harmonic,harmonic_variance,percussive,percussive_variance,Chroma_cens,Chroma_cens_var,chroma_cqt_mean,chroma_cqt_variance,chroma_stft_mean,chroma_stft_var,mfcc_delta_mean,mfcc_delta_variance,Mfccs,Mfccs_variance,Contrast,Contrast_var,poly_features_mean,poly_features_variance,Rolloff,Rolloff_var,Zrate,Zrate_var,Cent,Cent_var,tonnetz_mean,tonnetz_var,spec_bw_mean,spec_bw_var,rmse_mean,rmse_var,melspec_mean,melspec_var,max_lpc,mean_lpc,var_lpc,user,sentense
3808.0146,16.288244,25154.393,-4.4289885e-07,0.0005449112,-1.8979237e-06,0.00067552243,0.25182268,0.019918663,0.48478726,0.07981965,0.4381365,0.093346305,0.014560421,3.5061395,-21.647806,16835.904,23.051068451061344,124.05659605161081,0.14147187432657357,0.19791973048638495,3245.245444937928,2642883.2349533224,0.04367776113013699,0.0004167265506371433,1682.2795378826813,463784.68827918294,0.004130839536609543,0.00532517944535623,2265.6359734054495,277005.0771891451,0.017355774,0.0013984073,0.4040113,37.366776,1.0,0.0010054742,0.344704,sara,openTheDoor
